#{"t_start": 1642377623.9628289, "env_id": null}
r,l,t
0.279161,4,0.024295
0.367492,4,0.04285
0.790716,4,0.062969
0.111467,4,0.083751
0.866389,4,0.1046
0.893807,4,0.125853
0.385769,4,0.143325
0.436325,4,0.163987
0.775347,4,0.183413
0.420256,4,0.200413
0.546003,4,0.217416
0.663813,4,0.234416
0.657091,4,0.250587
0.962203,4,0.267016
0.943535,4,0.28412
0.268824,4,0.299337
0.707948,4,0.316462
0.649204,4,0.333629
0.208505,4,0.351414
0.432358,4,0.37825
0.582752,4,0.401703
0.332086,4,0.424035
0.695715,4,0.44961
0.937709,4,0.470957
0.27579,4,0.496184
0.533328,4,0.517634
0.473053,4,0.539694
0.646754,4,0.564585
0.295951,4,0.586825
0.849751,4,0.606129
0.959993,4,0.633379
0.856691,4,0.651379
0.449273,4,0.6711
0.634659,4,0.696075
0.943392,4,0.714856
0.280259,4,0.733118
0.981556,4,0.751239
0.577157,4,0.768687
0.570352,4,0.786885
0.790059,4,0.805423
0.917578,4,0.822098
0.166306,4,0.839802
0.476854,4,0.859573
0.255694,4,0.877684
0.99123,4,0.894312
0.54015,4,0.911313
0.888098,4,0.928314
0.984233,4,0.946063
0.878512,4,0.963911
0.314614,4,0.981167
0.427558,4,0.997279
0.582765,4,1.013923
0.318912,4,1.031424
0.154684,4,1.048684
0.958461,4,1.064708
0.245279,4,1.082224
0.871282,4,1.101973
0.740874,4,1.12179
0.804226,4,1.145674
0.282543,4,1.166382
0.380125,4,1.186101
0.657111,4,1.209673
0.576971,4,1.231938
0.95416,4,1.250609
0.124826,4,1.276325
0.800941,4,1.299918
0.742923,4,1.321884
0.983523,4,1.350775
0.812893,4,1.382759
0.534072,4,1.403344
0.681534,4,1.429177
0.941939,4,1.448775
0.409738,4,1.468959
0.884524,4,1.49084
0.100668,4,1.513575
0.653644,4,1.534478
0.629992,4,1.56072
0.338806,4,1.594236
0.430172,4,1.635869
0.675519,4,1.663594
0.81415,4,1.686706
0.677838,4,1.707866
0.139478,4,1.729316
0.99473,4,1.751148
0.550334,4,1.779243
0.926035,4,1.81703
0.285635,4,1.850345
0.628302,4,1.886342
0.445231,4,1.922218
0.408914,4,1.952269
0.865439,4,1.977432
0.258582,4,2.002531
0.89466,4,2.035593
0.907486,4,2.072674
0.153473,4,2.112865
0.633079,4,2.154509
0.59676,4,2.19173
0.731019,4,2.223385
0.554495,4,2.25648
0.145399,4,2.288055
0.72417,4,2.318649
0.741667,4,2.351933
0.911073,4,2.393023
0.547155,4,2.423169
0.605666,4,2.447349
0.73353,4,2.470339
0.540458,4,2.492216
0.406865,4,2.515536
0.940158,4,2.537817
0.39979,4,2.561378
0.260474,4,2.584723
0.843796,4,2.608713
0.163107,4,2.631465
0.1993,4,2.656322
0.786123,4,2.681315
0.560013,4,2.707163
0.599186,4,2.732759
0.934115,4,2.753361
0.269423,4,2.77719
0.841853,4,2.799428
0.449265,4,2.827731
0.801651,4,2.853446
0.613705,4,2.876859
0.730224,4,2.897032
0.52317,4,2.918032
0.815694,4,2.937031
0.501149,4,2.95617
0.77692,4,2.976172
0.34152,4,2.996169
0.605728,4,3.014938
0.231872,4,3.03765
0.873459,4,3.059668
0.637045,4,3.082347
0.766127,4,3.100778
0.926912,4,3.121236
0.30506,4,3.144786
0.85195,4,3.166398
0.840195,4,3.186397
0.3966,4,3.203398
0.713992,4,3.220942
0.423754,4,3.244272
0.712863,4,3.265872
0.49684,4,3.284384
0.313282,4,3.305233
0.340685,4,3.324603
0.87371,4,3.345252
0.974413,4,3.3657
0.394664,4,3.385956
0.352073,4,3.403956
0.128334,4,3.425347
0.38185,4,3.447439
0.372374,4,3.465972
0.373578,4,3.492579
0.902315,4,3.512684
0.926315,4,3.531681
0.818492,4,3.548706
0.149011,4,3.572982
0.685886,4,3.592485
0.327033,4,3.611486
0.577781,4,3.628624
0.784523,4,3.646851
0.647459,4,3.663849
0.35496,4,3.682164
0.400955,4,3.699714
0.834764,4,3.716713
0.785232,4,3.734713
0.330188,4,3.751279
0.507473,4,3.769279
0.896071,4,3.786429
0.76702,4,3.802716
0.566886,4,3.817989
0.381426,4,3.834813
0.793901,4,3.85172
0.657257,4,3.867023
0.737898,4,3.882905
0.978105,4,3.900959
0.874765,4,3.91831
0.864566,4,3.937046
0.504861,4,3.956042
0.171838,4,3.974503
0.595952,4,3.991818
0.873961,4,4.012038
0.625618,4,4.03019
0.456405,4,4.047186
0.966205,4,4.06674
0.051603,4,4.087252
0.229362,4,4.109464
0.466477,4,4.128977
0.209205,4,4.14834
0.219516,4,4.169589
0.77963,4,4.190022
0.881734,4,4.21036
0.777821,4,4.22958
0.185302,4,4.248675
0.322641,4,4.270973
0.955033,4,4.294155
0.689437,4,4.313169
0.662268,4,4.334557
0.980198,4,4.356879
0.523374,4,4.386516
0.372976,4,4.41306
0.568226,4,4.440032
0.998154,4,4.462185
0.690663,4,4.483288
0.162906,4,4.506423
0.811465,4,4.527537
0.160278,4,4.547232
0.741562,4,4.566778
0.853059,4,4.588709
0.545767,4,4.61001
0.167627,4,4.632616
0.980599,4,4.654345
0.652274,4,4.672553
0.883123,4,4.696701
0.786891,4,4.718889
0.885791,4,4.73911
0.48634,4,4.770364
0.58925,4,4.808211
0.984011,4,4.843073
0.469734,4,4.866499
0.912814,4,4.882592
0.26824,4,4.901794
0.182966,4,4.922426
0.869576,4,4.942425
0.578152,4,4.961428
0.656649,4,4.980422
0.633468,4,4.997423
0.456679,4,5.014702
0.404268,4,5.032113
0.819851,4,5.049248
0.780682,4,5.068619
0.423597,4,5.086504
0.68695,4,5.102184
0.530834,4,5.11735
0.240174,4,5.132463
0.801326,4,5.147463
0.190564,4,5.162826
0.762184,4,5.179251
0.591839,4,5.19527
0.272647,4,5.211561
0.579172,4,5.227475
0.270631,4,5.242742
0.469628,4,5.258968
0.800988,4,5.274254
0.843638,4,5.289463
0.350309,4,5.304463
0.225626,4,5.319463
0.904904,4,5.337254
0.947528,4,5.352701
0.650705,4,5.369805
0.504701,4,5.391829
0.539863,4,5.407849
0.454877,4,5.423285
0.591932,4,5.438281
0.36907,4,5.454187
0.907384,4,5.469776
0.851602,4,5.485437
0.385052,4,5.50144
0.513,4,5.516459
0.571299,4,5.532437
0.84518,4,5.547277
0.481008,4,5.56309
0.735561,4,5.583657
0.124492,4,5.599637
0.121281,4,5.620008
0.53891,4,5.669489
0.026353,4,5.69763
0.353791,4,5.724038
0.748909,4,5.753473
0.907988,4,5.774921
0.79832,4,5.797307
0.906958,4,5.819999
0.387316,4,5.841645
0.942268,4,5.860287
0.507737,4,5.880324
0.221086,4,5.901255
0.459137,4,5.931944
0.671366,4,5.967672
0.960088,4,6.006062
0.115779,4,6.045946
0.070846,4,6.068951
0.696227,4,6.084951
0.344149,4,6.101971
0.749578,4,6.119197
0.586425,4,6.136358
0.118506,4,6.152624
0.866398,4,6.168669
0.695864,4,6.187014
0.30991,4,6.205281
0.831342,4,6.22128
0.049416,4,6.237426
0.239312,4,6.253428
0.822841,4,6.270405
0.270236,4,6.288655
0.848438,4,6.30762
0.725038,4,6.324086
0.734565,4,6.341083
0.948689,4,6.357331
0.801885,4,6.374282
0.25213,4,6.392364
0.938476,4,6.411666
0.910791,4,6.488971
0.698823,4,6.521214
0.962192,4,6.549161
0.505984,4,6.570136
0.471222,4,6.598785
0.640814,4,6.621677
0.550629,4,6.642387
0.67529,4,6.666208
0.444676,4,6.6855
0.467207,4,6.703503
0.444497,4,6.721709
0.409096,4,6.74171
0.788897,4,6.760711
0.630257,4,6.778852
0.51458,4,6.795851
0.774338,4,6.813393
0.903732,4,6.832078
0.833491,4,6.850096
0.411805,4,6.868478
0.309454,4,6.885397
0.832762,4,6.903111
0.150055,4,6.921386
0.588423,4,6.937699
0.992772,4,6.95594
0.660746,4,6.972559
0.731661,4,6.988703
0.263141,4,7.005684
0.619829,4,7.02422
0.950652,4,7.042271
0.998431,4,7.065368
0.988444,4,7.090153
0.99805,4,7.113449
0.707165,4,7.135905
0.784284,4,7.163845
0.811994,4,7.188307
0.839147,4,7.216865
0.862272,4,7.23884
0.926612,4,7.264266
0.875667,4,7.286036
0.399053,4,7.305725
0.558617,4,7.326317
0.646278,4,7.344965
0.526437,4,7.365818
0.396425,4,7.386931
0.486319,4,7.403931
0.356943,4,7.422553
0.539886,4,7.441558
0.959917,4,7.461037
0.724914,4,7.479147
0.880452,4,7.497144
0.417597,4,7.514428
0.960451,4,7.533356
0.70387,4,7.551357
0.379242,4,7.568613
0.755728,4,7.586733
0.859064,4,7.603974
0.077661,4,7.621211
0.094207,4,7.640548
0.565913,4,7.659568
0.829284,4,7.676247
0.673029,4,7.693341
0.642397,4,7.709458
0.711495,4,7.726714
0.459582,4,7.743537
0.600838,4,7.758852
0.797822,4,7.774079
0.418867,4,7.789632
0.808124,4,7.804281
0.581074,4,7.8214
0.39929,4,7.836403
0.649897,4,7.853017
0.589195,4,7.870669
0.705656,4,7.888151
0.998156,4,7.905168
0.540897,4,7.928465
0.175178,4,7.950459
0.847636,4,7.973047
0.857499,4,7.994075
0.515973,4,8.01545
0.640377,4,8.040226
0.930004,4,8.065151
0.967755,4,8.092036
0.392847,4,8.118386
0.978215,4,8.142545
0.827155,4,8.166977
0.447332,4,8.190067
0.185576,4,8.217014
0.724199,4,8.238595
0.56155,4,8.264888
0.482487,4,8.286191
0.268742,4,8.307779
0.506627,4,8.333151
0.716181,4,8.354967
0.37977,4,8.397069
0.31974,4,8.44135
0.487815,4,8.484005
0.869457,4,8.527317
0.49502,4,8.56819
0.772821,4,8.607671
0.983724,4,8.646221
0.55884,4,8.68668
0.619208,4,8.734516
0.131888,4,8.776788
0.52951,4,8.822201
0.613567,4,8.873961
0.678794,4,8.914364
0.811269,4,8.954451
0.392465,4,9.008201
0.641453,4,9.062343
0.894425,4,9.117274
0.975856,4,9.170928
0.888258,4,9.218652
0.416885,4,9.266911
0.587983,4,9.308145
0.674467,4,9.352381
0.132644,4,9.39728
0.868581,4,9.432327
0.27265,4,9.462855
0.916974,4,9.49773
0.926553,4,9.526145
0.545294,4,9.553064
0.853216,4,9.580412
0.686494,4,9.60117
0.952732,4,9.62291
0.676288,4,9.643909
0.848747,4,9.666161
0.456392,4,9.687799
0.96926,4,9.709427
0.745773,4,9.731443
0.935119,4,9.752231
0.183074,4,9.776046
0.364861,4,9.800062
0.272452,4,9.820499
0.708925,4,9.847043
0.620299,4,9.869313
0.285204,4,9.896111
0.284136,4,9.921966
0.798476,4,9.950776
0.438685,4,9.971801
0.97639,4,9.997616
0.777391,4,10.019895
0.365213,4,10.049845
0.849645,4,10.070381
0.456411,4,10.09215
0.850069,4,10.116128
0.797029,4,10.136354
0.988668,4,10.157358
0.403881,4,10.180465
0.859937,4,10.201164
0.592187,4,10.221164
0.298049,4,10.245182
0.549522,4,10.265448
0.528976,4,10.286295
0.816369,4,10.319577
0.5736,4,10.354992
0.928218,4,10.391577
0.810064,4,10.417899
0.953195,4,10.447481
0.328319,4,10.467751
0.084065,4,10.486573
0.398749,4,10.504389
0.390993,4,10.52416
0.832753,4,10.543156
0.977356,4,10.562496
0.362989,4,10.583502
0.486445,4,10.602026
0.935405,4,10.622039
0.726633,4,10.639275
0.039529,4,10.657277
0.786294,4,10.683581
0.832803,4,10.701602
0.81339,4,10.724092
0.463638,4,10.740877
0.135333,4,10.760902
0.809472,4,10.78058
0.614708,4,10.800745
0.953172,4,10.822346
0.594753,4,10.845269
0.705579,4,10.865251
0.908252,4,10.883307
0.704949,4,10.90231
0.835903,4,10.921758
0.304344,4,10.939097
0.766391,4,10.959682
0.49854,4,10.982416
0.070408,4,11.002709
0.592298,4,11.026745
0.365895,4,11.045764
0.844533,4,11.069442
0.72603,4,11.104375
0.974735,4,11.125373
0.987452,4,11.144736
0.742589,4,11.16316
0.736936,4,11.185391
0.933449,4,11.206476
0.406286,4,11.228042
0.137104,4,11.248734
0.771734,4,11.270395
0.65184,4,11.295367
0.860238,4,11.327775
0.431175,4,11.361964
0.557752,4,11.388512
0.354227,4,11.420982
0.809994,4,11.444984
0.972145,4,11.464733
0.724761,4,11.484986
0.992384,4,11.50242
0.85938,4,11.525612
0.512352,4,11.543071
0.974859,4,11.563599
0.987228,4,11.583704
0.202962,4,13.51215
0.862454,4,13.537522
0.648093,4,13.563886
0.347059,4,13.58797
0.062918,4,13.610725
0.282633,4,13.633202
0.712067,4,13.6554
0.868599,4,13.680642
0.799857,4,13.702786
0.969633,4,13.725284
0.874774,4,13.7485
0.861561,4,13.771254
0.876861,4,13.791091
0.392006,4,13.813067
0.820079,4,13.83534
0.490302,4,13.860537
0.544512,4,13.889274
0.392669,4,13.917379
0.345548,4,13.943257
0.670649,4,13.970936
0.749868,4,13.995465
0.872242,4,14.018408
0.588718,4,14.045322
0.73647,4,14.070217
0.617093,4,14.097751
0.730513,4,14.118765
0.68753,4,14.141077
0.751124,4,14.16498
0.771513,4,14.188597
0.974368,4,14.209599
0.736019,4,14.230578
0.994627,4,14.250565
0.775959,4,14.276278
0.898636,4,14.298643
0.777887,4,14.319121
0.767196,4,14.343458
0.48534,4,14.367705
0.898358,4,14.389366
0.722377,4,14.410572
0.796744,4,14.432023
0.67625,4,14.453019
0.436119,4,14.474154
0.645387,4,14.497154
0.622343,4,14.518879
0.422298,4,14.541583
0.946416,4,14.567132
0.623141,4,14.588817
0.728414,4,14.614305
0.903419,4,14.640808
0.818795,4,14.666519
0.832985,4,14.697513
0.81621,4,14.718266
0.781095,4,14.745541
0.623884,4,14.76981
0.655455,4,14.798529
0.397034,4,14.829167
0.345027,4,14.857569
0.783876,4,14.884345
0.535657,4,14.907029
0.896261,4,14.93376
0.724649,4,14.954165
0.677162,4,14.982108
0.937262,4,15.00984
0.732671,4,15.035337
0.383108,4,15.084916
0.80259,4,15.121814
0.355008,4,15.160798
0.40016,4,15.188461
0.44401,4,15.215307
0.989326,4,15.238053
0.873611,4,15.265172
0.359343,4,15.295918
0.554494,4,15.339229
0.627896,4,15.384016
0.675925,4,15.44366
0.620259,4,15.480386
0.885856,4,15.516155
0.848611,4,15.550096
0.748788,4,15.58717
0.356697,4,15.619011
0.220981,4,15.652729
0.78914,4,15.678342
0.97823,4,15.701839
0.403754,4,15.724629
0.755868,4,15.745841
0.623575,4,15.767237
0.353978,4,15.787006
0.626639,4,15.8081
0.472161,4,15.829467
0.944458,4,15.848436
0.878517,4,15.87131
0.84523,4,15.893065
0.539121,4,15.916538
0.260838,4,15.935263
0.179822,4,15.953417
0.749432,4,15.971086
0.12879,4,15.989086
0.786512,4,16.007707
0.736389,4,16.024909
0.846058,4,16.042729
0.452171,4,16.060372
0.633534,4,16.076531
0.669915,4,16.09489
0.77956,4,16.11189
0.530297,4,16.128032
0.320471,4,16.14418
0.648188,4,16.161179
0.684701,4,16.176809
0.529437,4,16.193
0.967299,4,16.207999
0.682479,4,16.224002
0.638552,4,16.239277
0.897784,4,16.255277
0.655663,4,16.272007
0.878539,4,16.289006
0.708587,4,16.305215
0.797254,4,16.323216
0.949433,4,16.344218
0.137514,4,16.362216
0.517096,4,16.381003
0.436084,4,16.399346
0.660809,4,16.418011
0.493565,4,16.43556
0.708156,4,16.453937
0.512243,4,16.479977
0.685288,4,16.497048
0.455324,4,16.52205
0.97665,4,16.542499
0.982792,4,16.562917
0.97688,4,16.583596
0.948185,4,16.60316
0.833938,4,16.624476
0.596724,4,16.649764
0.482805,4,16.670763
0.276079,4,16.689356
0.497648,4,16.709594
0.664591,4,16.730634
0.605361,4,16.749589
0.768534,4,16.767739
0.368901,4,16.785981
0.443347,4,16.803978
0.416713,4,16.828249
0.434088,4,16.848769
0.508947,4,16.872546
0.573944,4,16.895341
0.60248,4,16.915561
0.884464,4,16.93732
0.654329,4,16.957458
0.360653,4,16.976443
0.64261,4,16.994533
0.264097,4,17.012908
0.185785,4,17.034162
0.570638,4,17.052688
0.903425,4,17.071564
0.850426,4,17.089033
0.689534,4,17.10702
0.926983,4,17.130018
0.826615,4,17.154805
0.81329,4,17.17313
0.855283,4,17.196922
0.906674,4,17.216153
0.521168,4,17.232151
0.886362,4,17.250152
0.934723,4,17.268171
0.633065,4,17.28681
0.888323,4,17.305024
0.619171,4,17.325558
0.622158,4,17.351993
0.23053,4,17.371777
0.85698,4,17.395479
0.933799,4,17.41607
0.392185,4,17.439069
0.935049,4,17.463557
0.825108,4,17.483623
0.90152,4,17.50262
0.492221,4,17.572327
0.986891,4,17.6321
0.477712,4,17.680975
0.219386,4,17.715188
0.752052,4,17.747361
0.90165,4,17.778054
0.610882,4,17.802462
0.822246,4,17.822463
0.498843,4,17.854479
0.570126,4,17.88614
0.283317,4,17.914509
0.901001,4,17.937507
0.998948,4,17.967703
0.999063,4,18.001382
0.166971,4,18.039262
0.740996,4,18.069548
0.675833,4,18.089547
0.880855,4,18.110668
0.656814,4,18.132636
0.309939,4,18.152599
0.998607,4,18.181587
0.924431,4,18.209801
0.534177,4,18.248082
0.613993,4,18.285913
0.852007,4,18.309996
0.701779,4,18.331792
0.855095,4,18.3522
0.731888,4,18.375154
0.825751,4,18.397545
0.662173,4,18.416546
0.788383,4,18.438547
0.900433,4,18.465202
0.874104,4,18.489185
0.463572,4,18.517188
0.413793,4,18.537154
0.687499,4,18.561635
0.882619,4,18.584264
0.478802,4,18.609142
0.579369,4,18.633312
0.349392,4,18.653067
0.713618,4,18.674205
0.397919,4,18.695187
0.925937,4,18.714306
0.344955,4,18.737229
0.858999,4,18.75907
0.578551,4,18.780362
0.713821,4,18.801657
0.545081,4,18.835407
0.891452,4,18.896699
0.128202,4,18.937202
0.749515,4,18.995609
0.904313,4,19.055787
0.426987,4,19.09863
0.290261,4,19.131866
0.96973,4,19.162473
0.842855,4,19.188722
0.496167,4,19.233684
0.451403,4,19.261053
0.630693,4,19.302013
0.910125,4,19.354698
0.775193,4,19.40965
0.244385,4,19.451173
0.911693,4,19.484385
0.904359,4,19.522449
0.235013,4,19.555568
0.385193,4,19.59164
0.866979,4,19.636909
0.872696,4,19.679161
0.302769,4,19.719491
0.677734,4,19.750325
0.93069,4,19.779078
0.919072,4,19.803488
0.777715,4,19.834971
0.426672,4,19.861842
0.704895,4,19.888794
0.981228,4,19.918339
0.966842,4,19.942231
0.610125,4,19.96507
0.882434,4,19.984405
0.346368,4,20.012411
0.970753,4,20.038055
0.13612,4,20.057047
0.94283,4,20.077439
0.598408,4,20.098262
0.739381,4,20.116526
0.985525,4,20.134573
0.271373,4,20.154481
0.913871,4,20.173651
0.176669,4,20.190608
0.777278,4,20.207738
0.831982,4,20.225429
0.527285,4,20.243181
0.549599,4,20.261178
0.924315,4,20.277438
0.835327,4,20.294538
0.976801,4,20.311655
0.587937,4,20.328189
0.28913,4,20.345425
0.831355,4,20.362645
0.668479,4,20.381429
0.07622,4,20.397604
0.01419,4,20.414272
0.785254,4,20.431524
0.287174,4,20.446791
0.349683,4,20.464514
0.616187,4,20.481057
0.174329,4,20.497061
0.658524,4,20.51958
0.668375,4,20.536599
0.830173,4,20.551014
0.89256,4,20.570208
0.717056,4,20.588214
0.456696,4,20.604188
0.823437,4,20.619188
0.679354,4,20.633464
0.447799,4,20.647917
0.221787,4,20.661664
0.578461,4,20.677937
0.578003,4,20.692652
0.99561,4,20.707864
0.789587,4,20.722843
0.675684,4,20.736844
0.524968,4,20.752861
0.578406,4,20.768846
0.493411,4,20.782955
0.479012,4,20.797937
0.862824,4,20.814514
0.743901,4,20.831511
0.761507,4,20.847506
0.897164,4,20.86375
0.791894,4,20.880957
0.878125,4,20.900358
0.872549,4,20.919116
0.573724,4,20.935272
0.530401,4,20.95043
0.23289,4,20.963563
0.64472,4,20.977298
0.920588,4,20.990301
0.548013,4,21.007641
0.483595,4,21.021646
0.964797,4,21.035958
0.344313,4,21.049478
0.646214,4,21.062928
0.197261,4,21.077066
0.860505,4,21.092452
0.998499,4,21.105425
0.534367,4,21.118565
0.896615,4,21.133565
0.620726,4,21.14745
0.372211,4,21.166385
0.544986,4,21.180412
0.395125,4,21.195287
0.370608,4,21.209305
0.952718,4,21.224704
0.602706,4,21.238682
0.531792,4,21.253683
0.599521,4,21.266766
0.456652,4,21.281008
0.594732,4,21.295377
0.205218,4,21.30995
0.93696,4,21.324324
0.572686,4,21.34128
0.261352,4,21.357818
0.716353,4,21.374302
0.524843,4,21.388324
0.103102,4,21.403313
0.696027,4,21.419362
0.499748,4,21.434619
0.534705,4,21.449117
0.744666,4,21.465093
0.733987,4,21.481454
0.233471,4,21.496462
0.577035,4,21.517215
0.059811,4,21.536474
0.363951,4,21.550653
0.795053,4,21.566002
0.070242,4,21.579795
0.658036,4,21.594398
0.800264,4,21.608418
0.670507,4,21.622398
0.824656,4,21.636398
0.282753,4,21.651985
0.765069,4,21.667128
0.652409,4,21.680806
0.148084,4,21.694617
0.928202,4,21.708127
0.630846,4,21.721307
0.943994,4,21.735307
0.201337,4,21.748605
0.686873,4,21.761617
0.793727,4,21.775604
0.939353,4,21.788625
0.855134,4,21.801604
0.720375,4,21.814604
0.442048,4,21.827604
0.582018,4,21.840625
0.67891,4,21.854197
0.208771,4,21.868199
0.176919,4,21.881177
0.915918,4,21.895613
0.573534,4,21.908597
0.581563,4,21.923595
0.274919,4,21.937336
0.119821,4,21.950569
0.411846,4,21.963766
0.895666,4,21.977469
0.583631,4,21.98945
0.937488,4,22.00245
0.868612,4,22.015155
0.542497,4,22.029477
0.319035,4,22.043492
0.950441,4,22.055693
0.909578,4,22.069699
0.303642,4,22.083253
0.504738,4,22.09527
0.89537,4,22.108253
0.114621,4,22.122252
0.647202,4,22.136252
0.621303,4,22.148273
0.608827,4,22.162288
0.578803,4,22.17578
0.454322,4,22.188837
0.726754,4,22.203254
0.740008,4,22.217255
0.352057,4,22.230677
0.866921,4,22.243952
0.63713,4,22.256954
0.96837,4,22.270575
0.306791,4,22.283614
0.272643,4,22.299639
0.442746,4,22.314464
0.738394,4,22.327574
0.981784,4,22.342252
0.7336,4,22.357251
0.440195,4,22.371355
0.20444,4,22.385543
0.943572,4,22.399564
0.73466,4,22.413585
0.4483,4,22.426542
0.395151,4,22.439841
0.587839,4,22.453609
0.519352,4,22.466609
0.779748,4,22.479396
0.168467,4,22.493389
0.702605,4,22.507074
0.426731,4,22.51907
0.222119,4,22.532516
0.953459,4,22.544497
0.511969,4,22.558771
0.737827,4,22.570773
0.98004,4,22.584906
0.398546,4,22.597433
0.438725,4,22.61008
0.71257,4,22.623077
0.473029,4,22.637091
0.992487,4,22.651668
0.350597,4,22.665156
0.704624,4,22.678599
0.663432,4,22.690576
0.921169,4,22.703573
0.783137,4,22.716854
0.750267,4,22.729456
0.870722,4,22.743434
0.725006,4,22.756863
0.856513,4,22.76886
0.580152,4,22.782138
0.865933,4,22.795488
0.057193,4,22.808489
0.49592,4,22.821891
0.356456,4,22.838105
0.325399,4,22.852122
0.731073,4,22.865355
0.261999,4,22.877364
0.706762,4,22.891991
0.190294,4,22.903971
0.144868,4,22.92358
0.880628,4,22.938809
0.255341,4,22.954675
0.068251,4,22.973056
0.770667,4,22.989053
0.187139,4,23.007794
0.256481,4,23.021539
0.588097,4,23.035385
0.700658,4,23.049516
0.785151,4,23.062572
0.396194,4,23.077225
0.492798,4,23.091225
0.724225,4,23.10444
0.551601,4,23.11844
0.341664,4,23.132546
0.396497,4,23.146544
0.816322,4,23.160537
0.807556,4,23.172516
0.227949,4,23.187063
0.333636,4,23.202472
0.828196,4,23.215112
0.707108,4,23.229686
0.899038,4,23.242997
0.710199,4,23.256903
0.883984,4,23.270155
0.731412,4,23.28331
0.603605,4,23.29733
0.910267,4,23.311346
0.946864,4,23.326698
0.812554,4,23.341893
0.897836,4,23.354892
0.282856,4,23.375504
0.873178,4,23.387514
0.307882,4,23.401252
0.803927,4,23.414957
0.806457,4,23.429172
0.796544,4,23.443153
0.509894,4,23.456454
0.776216,4,23.476995
0.211565,4,23.489995
0.959278,4,23.504817
0.500355,4,23.520501
0.59498,4,23.534997
0.555988,4,23.550806
0.201958,4,23.565385
0.636626,4,23.579025
0.891111,4,23.592037
0.524415,4,23.604742
0.621895,4,23.618035
0.738697,4,23.631934
0.711374,4,23.648551
0.840174,4,23.661451
0.79296,4,23.67524
0.404994,4,23.687222
0.762462,4,23.700079
0.85556,4,23.713258
0.960154,4,23.727847
0.765818,4,23.740825
0.551671,4,23.755745
0.331402,4,23.769584
0.777169,4,23.782744
0.6022,4,23.79523
0.892383,4,25.030819
0.838022,4,25.048319
0.787334,4,25.064038
0.637728,4,25.081314
0.496789,4,25.09911
0.226941,4,25.11586
0.935784,4,25.133108
0.575926,4,25.149252
0.321675,4,25.16769
0.569946,4,25.185514
0.572744,4,25.202599
0.481577,4,25.220863
0.394605,4,25.237865
0.707383,4,25.25452
0.661786,4,25.26952
0.796145,4,25.285368
0.69847,4,25.301192
0.639091,4,25.317083
0.78256,4,25.332298
0.407436,4,25.347858
0.540152,4,25.364307
0.706664,4,25.381418
0.788834,4,25.39883
0.526578,4,25.412907
0.552317,4,25.429314
0.921219,4,25.445302
0.933657,4,25.459865
0.368478,4,25.475508
0.581502,4,25.490087
0.783539,4,25.50332
0.716815,4,25.518321
0.980685,4,25.53216
0.877441,4,25.546741
0.541482,4,25.562349
0.711116,4,25.582767
0.431048,4,25.598553
0.357294,4,25.612566
0.309513,4,25.627447
0.932953,4,25.642445
0.424187,4,25.656226
0.648148,4,25.671818
0.490786,4,25.689189
0.496603,4,25.705421
0.572563,4,25.720421
0.483282,4,25.734439
0.339424,4,25.750062
0.384793,4,25.763633
0.072384,4,25.7784
0.801071,4,25.793109
0.389367,4,25.80627
0.364451,4,25.819998
0.883425,4,25.834181
0.924485,4,25.847181
0.200181,4,25.862408
0.719424,4,25.875137
0.458786,4,25.888133
0.573591,4,25.903035
0.414226,4,25.916188
0.933266,4,25.929213
0.928804,4,25.942213
0.443382,4,25.955431
0.175089,4,25.968134
0.561723,4,25.981425
0.731535,4,25.995274
0.84301,4,26.007261
0.659462,4,26.028626
0.776265,4,26.041522
0.237877,4,26.056266
0.390514,4,26.06988
0.893594,4,26.081915
0.647304,4,26.095736
0.250601,4,26.109735
0.97704,4,26.122589
0.362129,4,26.135143
0.876233,4,26.148486
0.626271,4,26.161483
0.642264,4,26.175118
0.992072,4,26.190864
0.452522,4,26.203823
0.518856,4,26.217956
0.372314,4,26.23196
0.091466,4,26.246373
0.782479,4,26.260177
0.56046,4,26.272618
0.408013,4,26.286293
0.37732,4,26.298291
0.958138,4,26.312052
0.706562,4,26.32554
0.515712,4,26.338352
0.803032,4,26.354692
0.462996,4,26.371628
0.714694,4,26.385751
0.982077,4,26.399926
0.85331,4,26.412704
0.526789,4,26.427459
0.503576,4,26.440439
0.939825,4,26.453333
0.975753,4,26.466709
0.558623,4,26.480389
0.205349,4,26.494121
0.868745,4,26.508339
0.509303,4,26.520725
0.690651,4,26.532692
0.749065,4,26.547006
0.745606,4,26.563642
0.729869,4,26.576573
0.784442,4,26.589373
0.473159,4,26.601375
0.614698,4,26.614778
0.623395,4,26.627779
0.468517,4,26.64078
0.943229,4,26.65462
0.608691,4,26.667446
0.770595,4,26.680245
0.735671,4,26.697897
0.93792,4,26.713732
0.532401,4,26.728421
0.793722,4,26.74122
0.407619,4,26.754841
0.358985,4,26.767468
0.908039,4,26.78101
0.926651,4,26.794308
0.743373,4,26.807072
0.703929,4,26.819782
0.634095,4,26.833699
0.472623,4,26.847965
0.788964,4,26.860482
0.233217,4,26.874229
0.90207,4,26.887973
0.234147,4,26.900509
0.693865,4,26.914228
0.973213,4,26.928358
0.402917,4,26.94034
0.426005,4,26.953337
0.681531,4,26.96673
0.668662,4,26.97997
0.753104,4,26.99297
0.844154,4,27.006475
0.516345,4,27.019495
0.639441,4,27.032475
0.473314,4,27.046336
0.407903,4,27.058835
0.489549,4,27.072599
0.54434,4,27.085349
0.837201,4,27.098278
0.50553,4,27.111251
0.597614,4,27.124254
0.784105,4,27.136003
0.773582,4,27.149161
0.078271,4,27.161515
0.792254,4,27.175303
0.510301,4,27.187317
0.86959,4,27.201754
0.758479,4,27.213754
0.79236,4,27.226628
0.559241,4,27.23914
0.591104,4,27.252139
0.599056,4,27.264906
0.886474,4,27.278422
0.394797,4,27.290628
0.342341,4,27.303654
0.485963,4,27.31738
0.664187,4,27.329494
0.495552,4,27.343277
0.861328,4,27.356104
0.487493,4,27.368764
0.931678,4,27.383463
0.972446,4,27.397124
0.574029,4,27.409792
0.715182,4,27.422161
0.361277,4,27.435215
0.761618,4,27.448215
0.37372,4,27.461037
0.60609,4,27.473571
0.120016,4,27.485636
0.85313,4,27.497637
0.942999,4,27.510818
0.80926,4,27.523818
0.649184,4,27.537572
0.903354,4,27.549545
0.897336,4,27.561984
0.106747,4,27.575008
0.641314,4,27.588419
0.064356,4,27.602351
0.990854,4,27.614337
0.449831,4,27.628028
0.797173,4,27.64401
0.887471,4,27.65701
0.701613,4,27.669726
0.564333,4,27.682412
0.201713,4,27.695412
0.413212,4,27.708169
0.876194,4,27.720169
0.806732,4,27.734295
0.901838,4,27.747295
0.515238,4,27.760296
0.198569,4,27.772988
0.883816,4,27.786673
0.67123,4,27.798672
0.273378,4,27.811672
0.594895,4,27.823674
0.607307,4,27.837744
0.267222,4,27.851072
0.504649,4,27.866279
0.910181,4,27.880208
0.890735,4,27.892188
0.976108,4,27.905383
0.528749,4,27.919166
0.804109,4,27.932148
0.26277,4,27.945147
0.900468,4,27.959153
0.84538,4,27.972145
0.291931,4,27.983468
0.447311,4,27.99669
0.851785,4,28.009521
0.634595,4,28.022228
0.896747,4,28.035924
0.88017,4,28.048794
0.40446,4,28.061958
0.795864,4,28.076001
0.700315,4,28.088733
0.51269,4,28.102459
0.579058,4,28.115032
0.389019,4,28.128227
0.340541,4,28.141542
0.732189,4,28.154794
0.35782,4,28.173509
0.763983,4,28.185835
0.388389,4,28.198834
0.79757,4,28.212833
0.968583,4,28.226539
0.697787,4,28.239799
0.157565,4,28.254128
0.36029,4,28.267028
0.264484,4,28.280714
0.655337,4,28.293861
0.719478,4,28.305366
0.443557,4,28.320366
0.745583,4,28.334569
0.590079,4,28.348221
0.505818,4,28.362017
0.911915,4,28.376114
0.798405,4,28.389605
0.572661,4,28.402708
0.576513,4,28.416116
0.598502,4,28.429385
0.335273,4,28.443042
0.989281,4,28.456851
0.782367,4,28.471278
0.852528,4,28.486221
0.209041,4,28.49893
0.612347,4,28.511927
0.692023,4,28.524668
0.386035,4,28.537801
0.391826,4,28.550992
0.724832,4,28.564183
0.853851,4,28.576888
0.92792,4,28.588887
0.920806,4,28.602715
0.342189,4,28.615715
0.95975,4,28.627715
0.869556,4,28.640668
0.975178,4,28.653669
0.544614,4,28.666237
0.792774,4,28.679411
0.714469,4,28.691611
0.754218,4,28.704461
0.903222,4,28.717461
0.106828,4,28.729463
0.956592,4,28.743462
0.794118,4,28.761379
0.909047,4,28.773377
0.442065,4,28.786673
0.547916,4,28.799191
0.649061,4,28.813947
0.190797,4,28.826946
0.24974,4,28.841955
0.279098,4,28.854822
0.578614,4,28.867348
0.592153,4,28.881727
0.895358,4,28.89537
0.579545,4,28.908864
0.483749,4,28.922725
0.19001,4,28.936707
0.812826,4,28.950378
0.951419,4,28.964201
0.807523,4,28.977544
0.669864,4,28.990428
0.963539,4,29.00418
0.10698,4,29.018046
0.952874,4,29.03068
0.604014,4,29.045112
0.784414,4,29.059131
0.93345,4,29.073313
0.680491,4,29.085407
0.439702,4,29.099139
0.754526,4,29.113156
0.634756,4,29.12699
0.64774,4,29.139756
0.936672,4,29.153709
0.844761,4,29.167861
0.840887,4,29.180861
0.823011,4,29.195624
0.936274,4,29.208653
0.960108,4,29.223492
0.379844,4,29.237339
0.608687,4,29.250336
0.689631,4,29.264083
0.484574,4,29.278316
0.852292,4,29.292297
0.898375,4,29.306475
0.406445,4,29.318472
0.364826,4,29.332538
0.651006,4,29.349818
0.656526,4,29.364186
0.884365,4,29.379534
0.943196,4,29.400477
0.713795,4,29.416253
0.260608,4,29.432011
0.934607,4,29.451582
0.959752,4,29.465463
0.414548,4,29.482369
0.935299,4,29.497176
0.846584,4,29.512037
0.153021,4,29.527979
0.953945,4,29.543925
0.622409,4,29.562063
0.503831,4,29.57883
0.880766,4,29.594448
0.29593,4,29.611243
0.210156,4,29.628243
0.391772,4,29.645094
0.820847,4,29.662908
0.997396,4,29.679428
0.368496,4,29.69664
0.309734,4,29.714507
0.613803,4,29.732925
0.368477,4,29.748924
0.836471,4,29.766059
0.598383,4,29.782618
0.476776,4,29.799612
0.782634,4,29.816453
0.813464,4,29.833196
0.884452,4,29.850427
0.460208,4,29.867812
0.971477,4,29.884677
0.041252,4,29.902402
0.674845,4,29.920003
0.524046,4,29.938003
0.417651,4,29.954003
0.685187,4,29.973036
0.827243,4,29.991917
0.113549,4,30.011459
0.542967,4,30.030375
0.896474,4,30.047593
0.490504,4,30.066103
0.818199,4,30.085087
0.2575,4,30.102607
0.818119,4,30.123993
0.133705,4,30.142045
0.656548,4,30.161223
0.456738,4,30.17835
0.958617,4,30.196119
0.958339,4,30.215214
0.44071,4,30.234308
0.28838,4,30.253025
0.609083,4,30.269469
0.850485,4,30.287802
0.61868,4,30.304659
0.611926,4,30.322083
0.475083,4,30.342144
0.362392,4,30.35925
0.416329,4,30.380661
0.667475,4,30.399813
0.570116,4,30.419215
0.857043,4,30.439
0.904034,4,30.459182
0.52084,4,30.477663
0.556704,4,30.494506
0.879057,4,30.513962
0.7304,4,30.531733
0.412344,4,30.550944
0.489088,4,30.571419
0.569059,4,30.594722
0.425108,4,30.628379
0.699239,4,30.65061
0.835275,4,30.678664
0.642087,4,30.70181
0.151246,4,30.727407
0.388189,4,30.751133
0.905608,4,30.778337
0.880863,4,30.808398
0.382919,4,30.837055
0.267393,4,30.868374
0.346013,4,30.899312
0.631564,4,30.929311
0.24086,4,30.963105
0.250912,4,30.993173
0.782749,4,31.027387
0.491445,4,31.062169
0.332006,4,31.093222
0.709463,4,31.120472
0.718013,4,31.151911
